mail,name,status
sedie0@adobe.com,Stillmann Edie,3
cducket1@gravatar.com,Clarinda Ducket,2
bdonalson2@studiopress.com,Brucie Donalson,1
obridywater3@gov.uk,Osbourn Bridywater,3
ugasson4@ft.com,Uriel Gasson,1
kaxcel5@last.fm,Kali Axcel,2
llowen6@ca.gov,Luciano Lowen,2
kbleasdale7@yahoo.co.jp,Kip Bleasdale,1
hwillford8@dot.gov,Hartwell Willford,1
clinne9@apache.org,Christie Linne,1
jtarvera@creativecommons.org,Jarrad Tarver,1
pbalaisonb@comcast.net,Padraic Balaison,0
dpalffreyc@google.nl,Demetri Palffrey,3
gsimkovitzd@instagram.com,Gisela Simkovitz,0
hmcphadene@uol.com.br,Hedvige McPhaden,1
ryepiskovf@ask.com,Raffarty Yepiskov,3
poscannillg@imdb.com,Pauly O'Scannill,2
bwederellh@wunderground.com,Bendick Wederell,1
ewestcari@loc.gov,Elsi Westcar,1
fhansej@gravatar.com,Fedora Hanse,3
cgorik@squarespace.com,Corbett Gori,3
ebroxapl@google.co.uk,Edgar Broxap,3
broddickm@google.co.jp,Beilul Roddick,3
mhumen@youku.com,Marijo Hume,3
mblaymireso@bing.com,Mahmoud Blaymires,1
breddyhoffp@issuu.com,Bartlet Reddyhoff,2
flenthallq@unblog.fr,Fowler Lenthall,0
ddurdyr@behance.net,Debbi Durdy,2
tmagoverns@noaa.gov,Tiphany Magovern,3
chutfieldt@loc.gov,Colin Hutfield,2
afittallu@wiley.com,Ameline Fittall,0
cnichev@ezinearticles.com,Carlie Niche,2
hcluattw@nydailynews.com,Hersch Cluatt,3
llilleex@cdbaby.com,Leeland Lillee,0
mberardy@auda.org.au,Maryjane Berard,1
rdez@mit.edu,Rebecka de Nore,2
acough10@pagesperso-orange.fr,Arden Cough,1
bglyn11@cloudflare.com,Brigid Glyn,0
aaicheson12@oakley.com,Amelie Aicheson,0
dpolino13@washingtonpost.com,Dimitry Polino,2
dcawker14@networkadvertising.org,Dorothea Cawker,1
abyars15@macromedia.com,Adeline Byars,1
gstritton16@myspace.com,Godfree Stritton,1
jbrolechan17@devhub.com,Johann Brolechan,2
etalbot18@springer.com,Elle Talbot,3
hbucklan19@shutterfly.com,Harley Bucklan,2
mbellwood1a@parallels.com,Merla Bellwood,2
ecattemull1b@slideshare.net,Eric Cattemull,2
bfoden1c@4shared.com,Bink Foden,0
gallchorne1d@sciencedaily.com,Gerald Allchorne,3
lclopton1e@usatoday.com,Lyndy Clopton,1
etother1f@yellowbook.com,Ellery Tother,2
bevemy1g@disqus.com,Blair Evemy,3
ktodari1h@lycos.com,Kirbee Todari,2
etween1i@photobucket.com,Elna Tween,2
agotling1j@ning.com,Abbot Gotling,3
rmatyas1k@blogtalkradio.com,Reinold Matyas,2
mfassman1l@google.com.au,Micky Fassman,1
asilverwood1m@nps.gov,Aube Silverwood,0
lsnarr1n@example.com,Leighton Snarr,2
bsachno1o@wunderground.com,Babara Sachno,2
vlate1p@mozilla.org,Vaughan Late,0
ltwittey1q@indiegogo.com,Luisa Twittey,2
hsnell1r@tiny.cc,Hew Snell,1
slambourne1s@yandex.ru,Steffen Lambourne,2
gbenbough1t@dot.gov,Garreth Benbough,2
lsifleet1u@go.com,Louie Sifleet,0
ksoggee1v@marriott.com,Kylila Soggee,3
gkidman1w@go.com,Geri Kidman,3
sfarrer1x@shinystat.com,Sigfrid Farrer,0
tshevell1y@springer.com,Thorsten Shevell,2
skehri1z@walmart.com,Simone Kehri,2
sbennellick20@tinyurl.com,Steffen Bennellick,2
ucitrine21@guardian.co.uk,Ulrike Citrine,3
clisle22@google.pl,Ciel Lisle,0
tepine23@exblog.jp,Tedie Epine,3
mpanons24@addthis.com,Maurie Panons,1
pmordon25@multiply.com,Padraic Mordon,2
kmamwell26@cbsnews.com,Kalle Mamwell,1
bgregory27@jugem.jp,Briant Gregory,3
zhackford28@macromedia.com,Zackariah Hackford,2
hquiddinton29@tinyurl.com,Harwilll Quiddinton,0
charrison2a@fastcompany.com,Cheslie Harrison,0
mlehrmann2b@cisco.com,Maxi Lehrmann,3
clovegrove2c@squidoo.com,Celinka Lovegrove,1
fskaife2d@vkontakte.ru,Florance Skaife d'Ingerthorpe,3
sjackson2e@mashable.com,Stephenie Jackson,0
gdeancy2f@jimdo.com,Georges de'-Ancy Willis,0
gjeffs2g@huffingtonpost.com,Gusti Jeffs,1
vredshaw2h@cnbc.com,Vasily Redshaw,2
cpache2i@narod.ru,Charo Pache,0
ccaldeyroux2j@yellowpages.com,Cross Caldeyroux,2
kvigors2k@about.me,Kirbee Vigors,2
againsburgh2l@biglobe.ne.jp,Amie Gainsburgh,2
ugossage2m@diigo.com,Udell Gossage,3
jstandbrooke2n@pagesperso-orange.fr,Johna Standbrooke,2
zagget2o@statcounter.com,Zia Agget,0
dgerrett2p@nba.com,Danya Gerrett,1
lduny2q@walmart.com,Lesly Duny,3
cferrar2r@slate.com,Carlyle Ferrar,0